{
    "schema_version": 2,
    "model_name": "newbie",
    "mag_ratios": [
        1.0226799249649048,
        0.9262356758117676,
        1.0344173908233643,
        1.0235871076583862,
        1.0364947319030762,
        1.0587676763534546,
        1.0400817394256592,
        1.054932713508606,
        1.0405240058898926,
        1.030516266822815,
        1.049221396446228,
        1.0183006525039673,
        1.0416724681854248,
        1.041727066040039,
        1.0388158559799194,
        1.0258578062057495,
        1.03535795211792,
        1.0217832326889038,
        1.0384107828140259,
        1.0161179304122925,
        1.035069465637207,
        1.016871452331543,
        1.0311782360076904,
        1.016486644744873,
        1.0300853252410889,
        1.0083842277526855,
        1.0307649374008179,
        1.012494683265686,
        1.0985616445541382,
        1.0106003284454346,
        1.1542824506759644,
        1.057042121887207,
        1.119317889213562,
        1.259590744972229,
        1.1806563138961792,
        1.0728286504745483,
        1.1259211301803589,
        1.2278475761413574,
        1.1017045974731445,
        1.1551860570907593,
        1.1011136770248413,
        1.106162190437317,
        1.096110463142395,
        1.1050145626068115,
        1.088563084602356,
        1.095249891281128,
        1.0664997100830078,
        1.0906461477279663,
        1.0297545194625854,
        1.0662612915039062,
        0.9734118580818176,
        1.0290942192077637,
        0.9162876009941101,
        0.9736496806144714,
        0.8809352517127991,
        0.9144314527511597
    ],
    "stats": {
        "betas": [
            0.9949814677238464,
            0.997472882270813,
            0.9956141114234924,
            1.000381350517273,
            0.9973403811454773,
            1.0006872415542603,
            0.9987661242485046,
            1.0008467435836792,
            0.9993300437927246,
            1.001245379447937,
            0.9994819164276123,
            1.0012216567993164,
            1.0008054971694946,
            1.0009145736694336,
            1.0021884441375732,
            1.001775860786438,
            1.0026826858520508,
            1.0019890069961548,
            1.0031976699829102,
            1.0025362968444824,
            1.0038686990737915,
            1.0020172595977783,
            1.0040357112884521,
            1.0032622814178467,
            1.004404902458191,
            1.0036487579345703,
            1.0049632787704468,
            1.0044922828674316,
            1.0063493251800537,
            1.005393385887146,
            1.0076444149017334,
            1.0077162981033325,
            1.0089144706726074,
            1.0125709772109985,
            1.0014386177062988,
            1.0168092250823975,
            0.9866533875465393,
            1.01153564453125,
            0.9551149606704712,
            0.9928658604621887,
            0.896088719367981,
            0.9604676365852356,
            0.7924892902374268,
            0.8984542489051819,
            0.6145060658454895,
            0.7943429350852966,
            0.3496878445148468,
            0.6159617304801941,
            0.0013650067849084735,
            0.3507612347602844,
            -0.3719324767589569,
            0.0014536356320604682,
            -0.6861140727996826,
            -0.3736080229282379,
            -0.8650168776512146,
            -0.6876336932182312
        ],
        "cos_sims": [
            0.9975424408912659,
            0.9880769848823547,
            0.9975114464759827,
            0.9870815873146057,
            0.9979684352874756,
            0.9893612265586853,
            0.9985793828964233,
            0.9925538897514343,
            0.9984443187713623,
            0.9933177828788757,
            0.9993434548377991,
            0.9940411448478699,
            0.9991944432258606,
            0.9977580308914185,
            0.9993160963058472,
            0.9976230263710022,
            0.9994326829910278,
            0.998873770236969,
            0.9995934367179871,
            0.999077558517456,
            0.9996338486671448,
            0.9994789361953735,
            0.9995715618133545,
            0.9994738698005676,
            0.9997133016586304,
            0.9993295073509216,
            0.9997196197509766,
            0.9993748664855957,
            0.9974485635757446,
            0.9994262456893921,
            0.9925326704978943,
            0.9925806522369385,
            0.9917880296707153,
            0.9752935767173767,
            0.9854781031608582,
            0.9770576357841492,
            0.9896025061607361,
            0.9750871062278748,
            0.9915629625320435,
            0.9721246957778931,
            0.9923381805419922,
            0.9818195104598999,
            0.9927911758422852,
            0.9872860312461853,
            0.9906815886497498,
            0.9908454418182373,
            0.9870660901069641,
            0.9895952343940735,
            0.9825380444526672,
            0.9862053990364075,
            0.9752068519592285,
            0.9817463159561157,
            0.9592882394790649,
            0.9749175310134888,
            0.8811259269714355,
            0.9588586091995239
        ]
    }
}
