{
    "model_name": "newbie",
    "mag_ratios": [
        1.0021075010299683,
        0.8864386677742004,
        1.0125479698181152,
        0.931159257888794,
        1.024519681930542,
        0.9441549181938171,
        1.0321788787841797,
        0.9580094814300537,
        1.0293126106262207,
        0.9643152952194214,
        1.0381178855895996,
        0.9790358543395996,
        1.0325745344161987,
        1.0239613056182861,
        1.0285109281539917,
        1.0144660472869873,
        1.0261560678482056,
        1.0226476192474365,
        1.028260588645935,
        1.0203347206115723,
        1.026752233505249,
        1.0215580463409424,
        1.0201137065887451,
        1.0216381549835205,
        1.0214987993240356,
        1.015631079673767,
        1.021104097366333,
        1.0206319093704224,
        1.067550778388977,
        1.0189690589904785,
        1.111016035079956,
        1.0669599771499634,
        1.103246808052063,
        1.1577244997024536,
        1.1333950757980347,
        1.0932610034942627,
        1.090385913848877,
        1.169876217842102,
        1.0700209140777588,
        1.122443437576294,
        1.0749318599700928,
        1.0757595300674438,
        1.0736663341522217,
        1.0789124965667725,
        1.0761914253234863,
        1.0722432136535645,
        1.077332615852356,
        1.0781766176223755,
        1.0849997997283936,
        1.0769771337509155,
        1.0923821926116943,
        1.0841665267944336,
        1.1043503284454346,
        1.092674970626831,
        1.112418293952942,
        1.1028095483779907
    ],
    "stats": {
        "cos_sims": [
            0.9975423216819763,
            0.9880828857421875,
            0.9975104331970215,
            0.9870761632919312,
            0.9979897737503052,
            0.9893612265586853,
            0.998584508895874,
            0.9925538897514343,
            0.9984443187713623,
            0.9933177828788757,
            0.9993434548377991,
            0.9940411448478699,
            0.9991944432258606,
            0.9977580308914185,
            0.9993162751197815,
            0.9976230263710022,
            0.9994397759437561,
            0.9988741874694824,
            0.9996025562286377,
            0.9990854859352112,
            0.9996486902236938,
            0.9994903802871704,
            0.9995731711387634,
            0.9994853734970093,
            0.999713659286499,
            0.9993395805358887,
            0.9997202754020691,
            0.9993822574615479,
            0.9974501132965088,
            0.999427080154419,
            0.992530107498169,
            0.9925763607025146,
            0.9917872548103333,
            0.9752293229103088,
            0.9857420325279236,
            0.9770504236221313,
            0.9899933934211731,
            0.9753137230873108,
            0.9925457239151001,
            0.9726913571357727,
            0.9942366480827332,
            0.9827805757522583,
            0.9962078332901001,
            0.9891740083694458,
            0.996516764163971,
            0.9941954016685486,
            0.9959461092948914,
            0.9953522682189941,
            0.9949100613594055,
            0.9949881434440613,
            0.9919334053993225,
            0.9940277934074402,
            0.9862996339797974,
            0.9915261268615723,
            0.969765305519104,
            0.9858348369598389
        ],
        "std_ratios": [
            1.1057238578796387,
            1.3519424200057983,
            1.0872231721878052,
            1.3352258205413818,
            1.0688894987106323,
            1.1845628023147583,
            1.0485644340515137,
            1.1085584163665771,
            1.0323964357376099,
            1.057098627090454,
            1.040065884590149,
            1.0202196836471558,
            1.0198419094085693,
            1.0339449644088745,
            1.0160880088806152,
            0.9925023913383484,
            1.0056687593460083,
            0.9967929720878601,
            1.009281039237976,
            0.9902117848396301,
            1.005767583847046,
            1.000827431678772,
            0.9959325194358826,
            0.9991456866264343,
            1.002891182899475,
            0.9871630668640137,
            1.0027228593826294,
            0.9967323541641235,
            0.9998530745506287,
            0.9993082284927368,
            1.005458116531372,
            0.9795279502868652,
            1.0021908283233643,
            1.01060950756073,
            0.9588050246238708,
            1.0420159101486206,
            1.0336531400680542,
            0.9688330888748169,
            1.0638128519058228,
            1.0061908960342407,
            1.0414760112762451,
            1.0846248865127563,
            1.054503321647644,
            1.041624903678894,
            1.0589343309402466,
            1.0555083751678467,
            1.0571225881576538,
            1.060998558998108,
            1.0608294010162354,
            1.0570253133773804,
            1.0577919483184814,
            1.0609666109085083,
            1.049831748008728,
            1.0568829774856567,
            1.0437194108963013,
            1.0489588975906372
        ]
    }
}
